Specimen.ID,born,died,treatment,diet,weight
#98084,361,1516,treated,control,24
#95854,548,1724,control,treated,23
#91131,783,1943,treated,treated,16
#92676,818,2022,treated,treated,21
#95963,527,1699,control,treated,16
#96380,317,1549,treated,control,23
#98538,184,1361,control,treated,15
#97430,369,1537,treated,control,23
#91013,1055,2261,treated,control,19
#91026,1094,2246,control,control,19
#96929,714,1873,treated,control,15
#94410,897,2114,control,treated,20
#94604,704,1912,treated,control,20
#90770,951,2198,treated,treated,18
#93600,222,1389,treated,treated,21
#91972,381,1548,treated,treated,17
#94829,216,1447,treated,treated,23
#94382,173,1337,treated,control,18
#94264,1068,2262,treated,treated,18
#96990,9,1182,control,treated,15
#97742,508,1754,treated,control,15
#91939,189,1418,treated,treated,19
#93632,8,1217,control,treated,20
#98141,1008,2250,control,treated,17
#92549,954,2122,treated,treated,22
#92231,923,2150,treated,treated,23
#97272,255,1418,treated,control,17
#91797,218,1462,control,control,23
#96628,570,1802,control,treated,18
#97461,948,2187,treated,treated,23
#91116,533,1778,treated,control,21
#92729,953,2117,control,treated,15
#98981,1030,2214,treated,control,15
#95498,217,1444,control,control,15
#92088,800,1999,treated,treated,20
#91100,914,2159,control,treated,20
#91940,1049,2290,control,treated,18
#93282,624,1817,treated,control,24
#99790,219,1377,control,control,20
#91194,479,1656,treated,control,21
#96865,643,1865,treated,treated,23
#98307,382,1612,control,control,24
#92230,1071,2314,control,treated,15
#94639,944,2158,treated,treated,23
#91619,727,1967,treated,control,19
#94612,630,1791,treated,treated,24
#92130,221,1424,treated,control,21
#96081,261,1424,treated,control,18
#96680,187,1426,treated,treated,16
#94112,208,1419,treated,treated,21
#99557,107,1330,treated,treated,23
#93485,719,1920,control,control,16
#93571,628,1784,treated,treated,19
#96980,68,1225,control,treated,19
#93533,526,1762,control,control,17
#98972,980,2168,treated,treated,17
#90616,683,1927,control,treated,23
#90419,575,1758,control,control,17
#97999,821,2020,treated,treated,18
#93775,163,1376,treated,control,20
#90718,662,1832,treated,treated,22
#94806,534,1725,control,treated,23
#99124,160,1406,control,control,18
#93443,1033,2192,treated,control,20
#92259,358,1513,treated,treated,15
#99007,312,1535,control,treated,18
#95049,53,1220,control,control,22
#95461,278,1431,control,control,19
#97469,315,1509,treated,control,21
#90930,429,1624,treated,treated,18
#96410,560,1714,control,control,15
#91872,352,1575,treated,treated,23
#98561,569,1759,treated,control,19
#96974,876,2045,treated,treated,23
#92789,761,1995,control,control,20
#92629,790,2034,control,control,21
#99992,587,1787,treated,control,22
#98334,665,1883,control,treated,15
#90091,408,1629,treated,treated,21
#94460,214,1424,control,control,20
#97333,689,1936,treated,treated,24
#94426,780,1977,control,treated,23
#96966,155,1336,treated,treated,21
#97507,140,1340,treated,control,15
#98218,948,2195,control,treated,16
#93975,271,1457,control,control,24
#90937,313,1486,treated,control,24
#91728,702,1920,treated,control,20
#90462,550,1715,treated,control,19
#92882,838,2007,treated,control,15
#98841,1005,2180,treated,control,16
#92433,802,2004,treated,control,15
#98652,180,1427,control,treated,17
#90984,1094,2329,control,treated,18
#95115,1048,2291,treated,control,15
#90205,73,1243,treated,control,16
#95522,558,1752,treated,treated,24
#90476,16,1167,treated,treated,23
#91046,933,2148,treated,treated,22
#95392,462,1675,treated,treated,20
#95710,959,2145,control,treated,23
#97819,519,1730,control,control,19
#95022,465,1637,treated,control,17
#92193,169,1395,treated,control,15
#94251,290,1474,control,treated,18
#98325,81,1312,control,control,15
#97424,959,2182,treated,control,24
#92073,527,1758,control,control,20
#91619,1051,2288,treated,treated,20
#91731,461,1672,control,treated,17
#94000,378,1553,treated,treated,20
#91756,837,2005,treated,control,16
#92157,1086,2310,control,control,24
#99700,1059,2258,treated,control,16
#95706,907,2107,treated,control,16
#92814,456,1697,treated,control,17
#93878,253,1432,control,control,24
#90387,909,2127,control,treated,19
#99622,528,1715,control,treated,24
#93845,203,1396,treated,control,19
#94796,27,1183,treated,treated,16
#99979,959,2165,treated,control,24
#96043,307,1548,treated,control,17
#98693,1030,2184,treated,control,19
#94407,664,1904,treated,control,19
#95604,148,1329,treated,treated,21
#97061,286,1454,control,control,18
#93672,324,1543,treated,treated,24
#98104,127,1297,treated,treated,18
#98673,635,1819,control,treated,19
#91605,75,1258,control,treated,18
#98595,187,1360,control,control,21
#98662,478,1630,treated,control,20
#94203,515,1728,control,control,23
#98583,935,2148,treated,treated,22
#94656,67,1217,control,control,24
#96213,283,1498,control,control,21
#95905,835,1996,treated,treated,16
#90778,872,2044,control,treated,21
#94910,296,1462,treated,treated,21
#90932,1023,2251,treated,treated,22
#96110,185,1411,control,treated,20
#94514,475,1665,treated,treated,24
#91118,825,2009,treated,treated,21
#90858,976,2176,control,control,23
#97669,880,2069,control,treated,16
#97976,130,1376,treated,control,20
#91073,14,1256,treated,control,24
#94408,297,1476,treated,control,23
#99464,212,1389,control,control,20
#99929,386,1625,control,control,19
#90542,333,1538,control,treated,20
#99801,693,1902,treated,treated,16
#91635,700,1921,treated,control,18
#90138,33,1212,control,treated,17
#97551,561,1740,treated,treated,20
#97753,215,1454,control,treated,17
#96845,599,1808,control,control,15
#99976,1094,2328,treated,treated,22
#94886,1028,2184,treated,control,22
#92274,971,2192,control,treated,19
#98062,241,1411,treated,treated,22
#97112,287,1477,control,control,17
#94118,708,1886,treated,treated,19
#93451,731,1883,treated,treated,18
#92726,343,1540,treated,treated,20
#95706,289,1532,control,control,22
#95700,248,1411,treated,treated,17
#98606,618,1778,treated,control,24
#98322,760,1957,control,treated,24
#90330,490,1706,control,control,15
#92464,459,1700,control,treated,20
#93996,740,1974,treated,control,17
#94934,508,1690,treated,treated,18
#92296,773,1940,treated,control,23
#97806,509,1693,control,control,16
#92708,143,1389,treated,control,18
#95924,82,1253,treated,control,16
#97383,560,1768,treated,treated,20
#97503,484,1642,control,treated,19
#94917,963,2121,control,treated,22
#92975,385,1566,control,treated,20
#94695,371,1603,control,control,19
#91270,976,2127,treated,treated,15
#94717,787,2009,control,control,22
#96338,236,1449,control,control,24
#95047,302,1505,control,control,15
#95997,545,1732,control,control,22
#96824,336,1540,treated,treated,18
#90850,235,1442,treated,control,18
#98220,950,2179,treated,treated,17
#99194,431,1646,treated,control,17
#91359,250,1466,treated,treated,17
#97757,923,2082,control,treated,21
#94595,930,2124,treated,control,23
#95830,93,1272,treated,control,24
#91670,1042,2289,treated,treated,20
#92327,1055,2286,control,control,20
#94504,123,1325,control,treated,23
#91839,1044,2260,control,control,19
#96135,1016,2188,treated,treated,17
#98123,773,1930,control,treated,16
#93076,698,1868,treated,control,21
#97441,354,1573,control,control,15
#94294,757,1922,control,treated,22
#99913,849,2033,control,control,24
#91026,33,1236,treated,control,17
#94725,1070,2245,treated,control,24
#94678,552,1711,control,control,24
#93949,664,1896,treated,treated,18
#94380,77,1325,treated,control,23
#99653,343,1586,control,treated,19
#95993,613,1825,control,control,20
#94593,1089,2323,control,control,15
#93633,675,1861,treated,control,16
#98624,8,1221,treated,control,21
#91270,811,2059,treated,treated,17
#95671,841,1993,treated,control,17
#99481,987,2203,treated,control,23
#94436,378,1590,treated,control,19
#97803,539,1718,control,control,24
#92698,683,1874,treated,treated,22
#92515,150,1367,control,control,17
#95397,186,1400,treated,control,17
#95687,440,1673,treated,control,17
#91267,1006,2170,treated,control,23
#96925,557,1718,treated,treated,21
#96555,806,2015,treated,treated,19
#93676,132,1305,treated,control,15
#90458,205,1384,treated,treated,16
#94188,19,1206,control,control,15
#99192,972,2199,treated,treated,24
#91756,978,2196,control,control,20
#94200,140,1352,control,treated,19
#91675,739,1959,control,treated,18
#95656,1062,2264,control,control,24
#98686,941,2153,control,treated,18
#97613,708,1956,control,treated,18
#91155,603,1761,treated,treated,15
#90472,59,1227,treated,treated,16
#99766,799,2023,treated,control,23
#94537,832,2029,treated,treated,16
#96636,109,1295,control,treated,15
#95058,90,1254,treated,control,24
#91468,2,1221,control,control,16
#93463,715,1880,treated,treated,18
#90180,753,1990,treated,control,24
#93146,992,2172,control,control,20
#98901,156,1385,control,treated,17
#90365,907,2148,control,treated,15
#91111,631,1857,control,treated,22
#97916,207,1431,control,control,23
#99572,333,1519,treated,treated,19
#90522,237,1460,control,control,15
#93173,913,2074,control,treated,20
#95576,516,1670,treated,treated,22
#99151,758,1934,control,treated,19
#97812,785,2028,control,control,21
#95118,118,1298,control,control,23
#99529,1026,2263,control,treated,15
#93440,391,1579,treated,treated,19
#98619,1078,2251,treated,treated,16
#94320,580,1782,control,control,20
#94333,110,1312,control,treated,21
#95652,792,2038,control,treated,21
#98072,617,1828,control,control,23
#92293,964,2121,treated,control,18
