Specimen.ID,born,died,treatment,diet,weight
#98166,16,1202,treated,treated,15
#98199,675,1920,control,treated,19
#95979,956,2126,control,control,19
#97126,575,1812,control,control,24
#96693,139,1295,control,control,18
#94648,409,1603,control,control,23
#91494,680,1865,treated,treated,15
#93227,351,1586,control,treated,16
#97960,441,1593,control,treated,22
#96471,471,1623,treated,control,21
#97575,407,1593,control,treated,20
#91271,708,1873,treated,treated,23
#96577,972,2173,control,treated,20
#91513,223,1448,control,control,20
#98907,583,1786,control,treated,15
#91886,514,1745,treated,treated,20
#93632,457,1703,treated,treated,19
#95442,293,1451,treated,control,16
#98787,1042,2196,control,control,22
#96008,261,1478,control,control,16
#93938,719,1945,treated,treated,18
#93087,796,1976,treated,control,21
#93670,889,2084,treated,treated,21
#93915,1017,2248,control,control,18
#93132,541,1700,control,control,22
#97280,559,1747,treated,treated,19
#97625,656,1807,control,treated,19
#92332,495,1720,treated,treated,16
#97950,363,1543,treated,control,20
#92325,670,1909,control,control,18
#94611,721,1965,treated,treated,23
#95901,542,1729,treated,treated,18
#96784,592,1828,control,treated,18
#94447,389,1585,treated,control,21
#90310,1042,2271,control,control,18
#99962,1040,2283,treated,control,15
#97203,152,1315,treated,treated,20
#96043,554,1757,control,control,21
#99856,130,1335,control,treated,23
#90735,0,1207,control,treated,16
#96090,426,1594,control,treated,16
#92922,170,1401,control,treated,19
#99857,452,1621,control,control,16
#94384,977,2177,control,control,17
#98199,229,1422,treated,control,22
#91622,164,1407,treated,control,15
#93407,989,2161,control,control,23
#94789,1040,2238,treated,control,23
#92730,650,1833,control,treated,19
#94612,712,1895,treated,control,21
#92763,343,1556,treated,treated,23
#95990,1083,2322,treated,control,19
#90010,291,1528,treated,treated,20
#91091,36,1260,control,control,18
#92474,502,1668,control,treated,20
#96070,704,1888,control,treated,21
#97563,744,1987,treated,control,20
#96322,470,1713,treated,treated,24
#95671,1085,2253,control,control,16
#97160,600,1839,treated,control,22
#97603,676,1862,control,control,19
#99577,1057,2230,control,control,19
#93890,1058,2284,treated,control,18
#97274,342,1541,control,control,16
#93745,593,1821,control,control,17
#90313,266,1460,control,control,23
#94697,37,1195,treated,control,23
#99373,480,1716,treated,treated,20
#90063,228,1406,control,control,16
#95858,763,1978,control,control,22
#91532,463,1615,treated,control,20
#91274,246,1448,control,treated,23
#91233,439,1618,control,treated,15
#97139,508,1710,treated,control,17
#91657,1052,2255,control,control,16
#91230,322,1518,treated,treated,16
#95514,332,1522,control,treated,16
#93498,546,1732,treated,treated,15
#90425,1060,2270,control,control,17
#90273,812,2005,treated,control,24
#94872,532,1744,control,control,22
#91315,287,1533,control,treated,17
#96929,978,2214,control,treated,22
#96018,855,2074,treated,control,16
#98555,196,1375,treated,control,15
#90943,775,1928,control,control,16
#98286,728,1952,control,treated,15
#90961,694,1907,control,control,20
#94160,315,1492,treated,treated,20
#95991,173,1342,treated,control,23
#92955,264,1476,treated,treated,24
#95400,815,2057,control,control,15
#93827,969,2136,control,treated,18
#91349,747,1934,treated,control,24
#93773,73,1235,control,control,18
#91887,664,1843,control,treated,19
#98861,330,1497,treated,control,20
#95748,946,2163,control,treated,17
#91756,310,1490,control,control,16
#94218,682,1877,control,treated,17
#90399,478,1660,treated,treated,21
#98715,691,1931,treated,treated,18
#97917,531,1776,control,control,21
#90380,327,1569,control,control,20
#98307,335,1542,control,control,24
#91078,600,1798,control,control,23
#93030,968,2172,treated,control,19
#97153,741,1981,treated,control,15
#94197,967,2213,treated,control,22
#97746,313,1513,treated,control,23
#97199,143,1315,control,treated,17
#95393,21,1213,control,control,15
#96402,1045,2267,treated,treated,23
#93099,868,2116,treated,treated,15
#93035,39,1271,treated,control,24
#91795,479,1716,control,treated,16
#95607,618,1864,control,control,17
#98869,756,1937,control,treated,21
#93709,315,1520,treated,treated,23
#99795,814,1994,treated,treated,17
#90832,698,1881,treated,control,20
#93363,355,1568,treated,treated,20
#91351,579,1790,treated,control,15
#90083,228,1384,control,treated,19
#93055,398,1622,treated,treated,20
#96461,893,2123,control,treated,23
#90131,146,1359,control,control,23
#92931,491,1713,treated,treated,20
#99363,135,1312,treated,treated,20
#92201,825,2069,treated,treated,20
#92876,323,1515,control,treated,16
#99208,458,1693,control,treated,19
#92544,57,1265,control,control,24
#93568,786,2006,treated,control,16
#95348,94,1312,treated,treated,24
#97172,440,1677,control,treated,20
#95722,808,1974,treated,control,21
#94527,477,1643,control,treated,17
#91907,442,1622,control,control,15
#90546,447,1672,control,treated,19
#95466,90,1323,treated,control,20
#94854,1033,2276,control,treated,24
#90506,304,1484,control,control,17
#91897,67,1274,control,treated,24
#99637,162,1317,treated,treated,22
#94704,653,1895,treated,control,23
#91510,814,2058,control,treated,15
#91095,602,1805,control,treated,15
#93248,614,1850,treated,treated,17
#92409,1013,2173,treated,control,21
#96429,213,1399,treated,treated,22
#97453,999,2220,treated,treated,16
#90280,225,1445,control,control,15
#99032,446,1614,treated,control,21
#93706,300,1543,treated,control,19
#93132,619,1825,control,control,22
#90062,782,1976,treated,treated,15
#90518,709,1890,control,control,21
#92131,243,1443,treated,control,17
#96334,397,1589,control,treated,24
#96279,831,2025,treated,control,17
#97743,1037,2274,treated,treated,20
#98375,314,1528,treated,control,19
#99484,992,2161,control,treated,20
#97259,1071,2300,treated,treated,20
#93193,901,2077,control,control,18
#92631,44,1273,treated,control,23
#94470,241,1429,control,control,18
#99467,871,2045,treated,treated,23
#96259,842,1994,treated,treated,17
#99066,1004,2187,control,treated,17
#97429,946,2158,treated,treated,21
#96976,752,1933,control,treated,22
#97661,680,1919,treated,control,23
#95376,384,1578,control,treated,15
#94119,425,1644,control,control,18
#92264,20,1192,treated,control,17
#99314,807,1972,control,control,17
#94540,185,1341,control,treated,18
#93731,768,1940,treated,control,15
#96059,1030,2259,treated,control,18
#95647,316,1505,treated,treated,15
#98074,448,1663,control,treated,18
#96506,919,2121,treated,treated,16
#93216,50,1241,treated,treated,21
#94711,828,2014,control,treated,16
#96140,222,1394,control,treated,19
#95324,457,1692,treated,control,19
#90492,448,1696,control,control,20
#99201,992,2227,control,treated,18
#92651,635,1810,control,treated,24
#93302,17,1225,treated,treated,17
#98879,343,1539,control,control,15
#99126,59,1296,treated,treated,19
#90308,931,2107,control,control,18
#97290,954,2119,control,control,20
#98530,662,1858,treated,control,24
#99962,317,1492,treated,control,16
#93783,177,1361,treated,treated,20
#98695,412,1608,treated,treated,15
#99229,844,2038,control,treated,16
#94802,855,2074,treated,treated,21
#91482,1044,2248,control,control,23
#97477,606,1805,treated,treated,17
#96472,417,1641,control,treated,15
#98889,75,1324,treated,control,20
#97564,348,1575,treated,treated,16
#99656,1094,2282,treated,control,23
#94926,809,2025,control,control,19
#96703,331,1520,control,treated,22
#95580,5,1219,control,treated,18
#94233,754,1983,control,treated,23
#92552,895,2045,control,treated,23
#90596,968,2204,treated,treated,22
#92081,444,1622,treated,treated,21
#93210,295,1521,treated,control,24
#92884,93,1312,treated,treated,22
#91012,993,2145,treated,control,17
#94683,941,2173,control,treated,20
#94087,642,1865,control,treated,16
#96798,833,2058,control,control,19
#99960,51,1269,treated,control,16
#96173,270,1470,treated,treated,17
#94376,329,1530,treated,control,19
#92764,393,1580,control,treated,23
#97870,379,1561,control,treated,18
#95127,675,1915,treated,treated,17
#98138,757,1982,treated,control,22
#91447,474,1682,treated,control,17
#99158,580,1813,control,control,23
#92669,969,2129,treated,control,18
#93486,189,1353,treated,treated,18
#96833,309,1558,control,treated,18
#95852,975,2201,treated,treated,18
#96545,725,1964,control,control,16
#98691,855,2019,control,treated,19
#97475,670,1875,treated,control,17
#95355,255,1409,treated,treated,19
#90825,594,1792,treated,treated,23
#90107,563,1781,treated,control,23
#90369,462,1684,treated,treated,18
#98262,678,1901,control,treated,23
#92878,650,1824,control,treated,15
#95321,972,2180,treated,treated,24
#91476,555,1754,treated,control,24
#90183,45,1217,control,control,18
#91291,465,1712,treated,control,20
#97351,135,1353,control,control,24
#94046,794,2021,treated,treated,22
#94232,224,1437,control,treated,24
#96744,1094,2327,treated,control,24
#94317,477,1672,control,control,24
#94771,710,1924,control,control,21
#91338,1085,2279,control,treated,21
#90093,584,1806,treated,treated,15
#98728,670,1880,treated,control,23
#90354,216,1406,control,treated,21
#94321,447,1637,control,control,15
#90560,1010,2242,control,treated,23
#93530,82,1331,control,control,16
#96527,849,2085,control,control,20
#92318,689,1886,treated,treated,21
#93132,463,1614,control,treated,15
#99324,603,1845,control,treated,22
#90461,1068,2305,treated,control,17
#94838,21,1223,treated,treated,18
#99731,785,1947,control,treated,15
