Specimen ID,born,died,treatment,diet,weight
#37153,0,1250,control,treated,13.40928717
#71803,0,1242,control,treated,18.83898225
#12840,0,1248,control,control,11.84457021
#69438,0,1240,control,control,17.09329538
#98930,0,1240,treated,control,19.27284036
#66820,0,1285,control,treated,19.65061208
#43660,0,1253,treated,control,16.42656142
#18999,0,1298,control,control,12.50732311
#19200,0,1240,treated,control,18.66777162
#45897,0,1235,treated,treated,16.35452805
#58147,7,1297,control,treated,10.89314241
#5855,8,1239,control,control,10.33378107
#69481,9,1259,control,treated,16.5379776
#75447,22,1284,treated,treated,12.31170473
#4806,26,1323,control,treated,16.09901989
#5658,29,1234,treated,control,18.3416951
#45849,31,1235,control,control,15.8619014
#94110,34,1261,control,treated,14.75424569
#58944,41,1257,treated,control,12.96637504
#55895,45,1335,control,control,13.13465478
#81248,46,1246,control,control,16.63792466
#45969,48,1269,treated,control,11.12932891
#32629,50,1285,control,treated,17.20720772
#68518,51,1297,control,control,14.98222862
#33216,51,1325,treated,control,19.25578981
#91556,51,1315,treated,treated,16.99314742
#11326,52,1279,treated,treated,10.87716457
#99298,52,1256,control,treated,15.4139005
#28842,54,1279,treated,control,10.21737169
#21357,60,1340,control,control,15.79930474
#86203,60,1322,control,treated,17.41756452
#71046,63,1274,treated,treated,12.82032044
#49689,72,1332,treated,control,10.88450906
#6788,74,1291,control,control,19.52948233
#8785,76,1353,treated,treated,16.47366877
#49647,76,1348,control,control,13.13855068
#35664,76,1316,control,treated,12.47791386
#26978,79,1365,control,control,10.69440299
#20618,81,1310,treated,treated,17.98541343
#8241,82,1284,treated,treated,19.01760735
#34588,83,1344,control,treated,14.96131561
#65618,83,1368,treated,control,10.91844963
#99263,87,1375,treated,control,18.94589075
#77057,90,1304,treated,treated,15.05705404
#56034,90,1382,treated,control,16.26979827
#30646,92,1356,control,treated,16.15100253
#72540,97,1319,treated,treated,10.71089291
#18601,106,1382,control,treated,17.16612845
#46496,110,1341,control,control,10.0741751
#35051,110,1397,control,control,14.78970363
#85471,119,1342,control,control,19.13227732
#14522,122,1416,treated,treated,10.09008552
#82360,132,1397,treated,control,16.66658091
#40976,140,1395,control,control,19.05852277
#8200,140,1396,control,control,12.31175515
#3354,141,1416,treated,control,18.92671486
#28681,142,1379,treated,control,18.72394977
#35632,143,1423,control,control,10.65538259
#24200,149,1441,treated,control,16.6206973
#34352,151,1447,treated,control,17.41708329
#24900,158,1373,control,control,13.1130833
#26015,158,1439,control,control,17.34361623
#15336,162,1374,treated,treated,12.78622707
#63751,162,1461,control,treated,11.3112096
#93376,173,1392,control,control,10.91559371
#70451,176,1466,treated,control,17.44622515
#49277,188,1476,control,control,15.95910467
#51246,192,1466,treated,control,13.8178407
#92094,207,1463,control,control,18.903624
#93769,212,1486,control,control,11.41122044
#79923,214,1455,control,control,14.83284081
#48939,220,1446,treated,control,14.05686145
#60929,224,1503,treated,control,11.48436959
#45187,227,1450,treated,control,18.16448794
#8642,227,1452,treated,treated,11.91984852
#27473,238,1464,treated,control,12.0346284
#27602,243,1513,treated,control,13.17383313
#26257,248,1459,control,control,11.30376701
#95075,266,1516,treated,control,12.20817065
#82030,269,1555,control,control,18.33097823
#82413,271,1536,control,control,16.4458012
#36523,272,1485,treated,control,17.60019597
#98441,274,1483,control,control,19.6850292
#41788,278,1565,control,treated,16.68367462
#69467,285,1550,control,control,19.1243963
#72367,285,1563,treated,treated,17.69841487
#25737,289,1566,treated,control,16.38296219
#32605,318,1559,control,control,18.5313045
#98647,322,1582,treated,treated,19.54005206
#14942,322,1574,treated,control,19.41408582
#87498,324,1586,treated,control,11.42287804
#23162,326,1579,treated,treated,10.61775261
#21039,329,1576,control,control,13.93428108
#99345,331,1569,control,control,12.96875056
#50505,337,1552,control,control,12.21342392
#40826,339,1580,treated,control,18.91682574
#19381,344,1593,control,treated,17.5746016
#68927,346,1586,control,treated,11.86316086
#87279,350,1622,control,control,19.54949946
#81157,354,1616,control,treated,19.03056912
#87291,365,1652,control,treated,14.81941399
#8422,371,1586,control,treated,18.01890145
#2940,380,1588,treated,treated,11.17277089
#14055,384,1586,treated,control,12.23678681
#50477,384,1603,treated,control,15.4940999
#58140,393,1625,control,control,16.34415706
#8010,405,1667,treated,control,14.45590638
#9779,410,1650,control,treated,11.47956919
#9034,415,1692,treated,treated,13.16525173
#83507,416,1681,control,treated,12.73622996
#88312,417,1630,control,treated,11.70290156
#79855,418,1685,treated,control,11.46875361
#45937,420,1684,treated,control,14.20103266
#2761,420,1629,treated,control,10.09580306
#93346,421,1690,control,treated,12.56886213
#77601,429,1659,treated,control,14.45389264
#3400,430,1691,control,control,13.29504106
#82146,431,1718,treated,treated,11.87038334
#42297,431,1676,treated,control,15.79377603
#75112,435,1671,treated,treated,12.22858678
#80654,441,1726,control,control,10.48845766
#38180,446,1743,control,control,12.15116894
#61424,453,1709,control,control,15.07957858
#37298,464,1669,control,treated,16.8728025
#32289,472,1721,control,control,12.87697569
#48734,473,1683,treated,control,15.90620445
#51518,474,1713,control,control,11.25364884
#14528,474,1720,treated,treated,13.90410057
#74755,479,1774,control,treated,15.83722943
#12320,483,1762,treated,control,12.23019042
#16905,488,1750,treated,control,13.9786724
#78472,490,1779,treated,control,16.02882196
#57398,497,1757,control,control,15.35230191
#15391,501,1722,control,control,19.96106547
#86087,521,1742,treated,treated,16.01014626
#2189,536,1805,treated,control,16.93775889
#45603,547,1790,treated,treated,18.41075997
#65378,547,1754,control,treated,18.65008391
#29163,550,1837,treated,control,11.12009775
#82039,557,1854,treated,control,11.61511906
#81745,559,1813,treated,treated,13.87309557
#71623,560,1819,treated,treated,19.64443146
#80657,561,1766,treated,treated,19.81663997
#94572,562,1770,control,treated,18.25996177
#44166,567,1771,treated,treated,14.40999638
#47757,578,1862,control,treated,16.26271452
#96836,579,1863,control,control,13.81988595
#72178,581,1845,treated,treated,14.27624998
#92211,589,1842,control,control,15.63988423
#27594,591,1877,control,treated,17.27265848
#58178,593,1871,control,control,13.328772
#27628,601,1824,treated,treated,14.46458292
#1584,603,1866,treated,treated,11.12003276
#68674,617,1852,treated,treated,15.781441
#35974,624,1854,treated,treated,10.02816766
#99966,627,1853,treated,control,14.67302655
#10475,636,1836,treated,control,16.02058746
#40357,636,1838,control,treated,18.41848918
#77965,638,1888,control,control,16.14663208
#76438,642,1881,treated,control,17.29946816
#3321,645,1858,control,treated,19.4984487
#56190,646,1878,treated,treated,14.02366593
#66316,646,1891,control,treated,11.96534291
#65081,651,1944,treated,control,19.19530267
#25405,653,1889,treated,control,12.2590904
#41499,655,1857,control,control,12.38252676
#48394,655,1943,treated,treated,18.83923532
#77434,658,1875,treated,treated,12.2406131
#82689,661,1885,treated,control,16.41525136
#51967,665,1925,control,control,18.2892727
#77144,673,1903,treated,control,14.11597414
#26954,673,1951,control,control,11.75992853
#47260,675,1898,treated,treated,13.69605587
#36107,696,1977,treated,treated,16.86844854
#60110,700,1945,treated,control,13.57751619
#31625,700,1902,control,treated,13.02681063
#77187,702,1932,control,treated,11.28317018
#54543,703,1919,treated,control,11.91976558
#55096,703,1961,control,control,16.48060289
#59281,717,1986,treated,treated,12.75837843
#33622,719,1986,control,treated,13.35906216
#36005,720,1984,control,treated,12.40002252
#97348,720,1959,treated,treated,10.27172381
#34372,723,1942,treated,treated,18.44461688
#94679,725,2021,control,control,12.88312525
#71520,731,1979,control,control,19.51137517
#88168,731,2025,treated,control,16.90098917
#33535,732,1985,control,control,17.93322279
#43412,738,1975,treated,control,11.33158987
#78457,743,2004,treated,control,12.52819486
#13859,749,2048,control,treated,10.60062015
#36231,751,1978,control,control,12.10499915
#61763,756,2026,control,treated,16.63555126
#30923,758,2054,control,treated,12.64753996
#13068,759,1964,control,control,15.11992395
#49459,762,2018,control,treated,10.69767941
#7887,765,1994,treated,control,18.62844565
#87374,780,2020,treated,treated,11.55279806
#12079,781,2065,control,control,18.63804097
#72102,783,2055,treated,treated,10.36166758
#50342,783,2060,control,control,18.96776445
#53294,783,2043,treated,control,13.13724712
#49469,801,2026,control,treated,11.85120165
#74525,807,2050,control,treated,11.58489712
#12847,808,2064,treated,control,13.5655077
#79891,816,2071,treated,control,14.61161862
#9967,822,2063,treated,control,12.86699168
#56949,828,2067,control,treated,18.44926439
#32168,830,2070,treated,treated,19.26622852
#26292,831,2103,control,control,10.99517179
#24957,832,2071,treated,control,12.77687069
#27057,833,2079,treated,treated,16.12964819
#32869,840,2105,control,treated,18.10834815
#9951,841,2083,control,treated,11.21293082
#11809,848,2049,control,treated,18.22927528
#13460,851,2100,treated,treated,15.312445
#93794,851,2089,treated,treated,18.66299249
#32246,852,2124,treated,treated,17.4942062
#40542,854,2141,treated,treated,11.28798241
#16568,854,2116,control,control,11.75969588
#51807,856,2142,control,control,10.4556408
#62046,858,2064,treated,treated,14.1197182
#76335,860,2158,control,treated,13.04886645
#54601,863,2104,treated,treated,17.46022367
#59622,881,2104,treated,treated,14.52963325
#9219,881,2177,control,control,16.86216065
#86495,886,2130,control,treated,13.55703571
#34913,903,2170,treated,control,18.77508084
#69775,911,2130,treated,control,15.10760915
#83822,915,2155,treated,treated,12.44009617
#47524,935,2211,treated,treated,14.47471203
#17538,938,2233,treated,control,13.71652508
#72229,943,2160,treated,control,12.42247341
#35695,947,2216,control,treated,18.29604509
#47420,950,2165,treated,control,16.31141676
#94458,958,2218,control,treated,10.86499655
#5834,964,2200,treated,treated,19.87724294
#83513,970,2197,control,treated,15.67339774
#32152,981,2204,treated,treated,18.05922104
#70019,990,2191,treated,control,11.37563889
#88422,991,2214,control,treated,10.56014982
#41190,997,2206,treated,treated,14.90619307
#13069,1001,2259,treated,control,16.38074284
#4002,1003,2278,treated,control,14.97511561
#25596,1009,2289,control,control,13.9226393
#13842,1014,2218,control,treated,16.59643323
#94622,1015,2295,control,control,17.57124366
#40262,1016,2235,treated,treated,12.82523175
#35755,1016,2298,control,control,14.31216571
#53832,1019,2256,control,treated,18.4485558
#60807,1026,2308,control,control,14.52276032
#22574,1036,2305,treated,control,16.80416913
#58777,1037,2255,control,treated,17.79833885
#16434,1041,2243,control,treated,11.97109589
#8182,1043,2324,treated,control,16.22980566
#74005,1049,2333,treated,control,12.93465759
#6036,1063,2270,treated,control,13.88075778
#94856,1063,2357,treated,treated,13.69557049
#82088,1064,2280,treated,treated,10.22984103
#9751,1072,2289,treated,treated,10.84765512
#86445,1077,2354,treated,control,14.91419939
#66149,1081,2381,treated,control,10.88183029
#72148,1086,2326,control,treated,18.60608225
#85325,1087,2303,control,treated,15.51799792
#94778,1088,2357,treated,treated,17.37589582
#83183,1089,2373,treated,treated,17.98461337
#29104,1094,2321,control,control,19.45733053
