Specimen.ID,born,died,treatment,diet,weight
#94273,501,1662,control,control,22
#95882,1003,2185,treated,treated,18
#96134,319,1516,control,treated,23
#99579,599,1819,control,treated,20
#96474,765,1935,control,treated,23
#99781,601,1753,control,control,16
#91112,633,1823,control,control,24
#99537,86,1237,treated,treated,18
#95666,960,2192,control,control,15
#92584,184,1401,treated,control,17
#94241,364,1524,control,control,16
#97682,1068,2275,control,control,22
#94158,954,2141,treated,treated,18
#96429,429,1658,treated,treated,16
#91948,901,2139,treated,control,18
#96163,545,1769,treated,control,16
#95148,800,1989,treated,control,19
#97226,471,1674,treated,control,15
#90138,467,1651,control,control,16
#96791,394,1559,control,treated,15
#99738,1033,2273,treated,control,17
#91557,943,2155,control,treated,17
#90498,416,1575,treated,treated,23
#92559,456,1680,control,treated,22
#90587,1059,2263,treated,treated,24
#91431,293,1520,treated,treated,19
#99810,546,1712,treated,control,19
#90838,144,1320,treated,control,20
#98576,511,1755,control,control,23
#97407,505,1727,control,control,21
#96754,736,1970,control,control,23
#98301,529,1697,treated,control,18
#91684,636,1822,control,control,16
#98466,906,2078,treated,control,18
#94774,350,1515,treated,treated,16
#95738,496,1735,control,treated,21
#98209,821,2007,control,control,20
#91860,287,1513,treated,treated,15
#98275,647,1810,control,control,15
#97682,888,2133,treated,control,23
#99266,299,1488,control,control,20
#97832,658,1880,control,treated,24
#98804,815,1985,control,control,24
#97988,391,1576,control,treated,22
#98567,749,1965,treated,control,22
#97190,471,1657,treated,treated,17
#93048,217,1386,treated,control,24
#97768,326,1556,treated,control,16
#95910,996,2227,control,control,24
#94863,242,1449,control,treated,17
#92048,868,2058,control,treated,15
#91346,693,1925,treated,control,22
#90919,256,1463,treated,control,15
#90190,505,1721,treated,control,18
#95370,512,1749,control,control,17
#94696,779,1981,treated,treated,24
#98320,686,1933,control,treated,15
#97010,43,1233,control,control,24
#93642,331,1525,control,treated,17
#98977,81,1261,treated,control,19
#90739,474,1638,control,treated,16
#90979,156,1401,control,treated,18
#93131,711,1920,control,treated,20
#99866,71,1300,treated,control,24
#96860,869,2097,control,control,23
#94740,398,1553,control,treated,19
#97958,625,1868,control,control,15
#98030,425,1630,treated,treated,19
#92860,316,1487,control,control,20
#98098,1044,2241,control,treated,22
#92132,811,2047,control,treated,20
#98179,481,1649,control,control,19
#93631,496,1725,treated,treated,22
#91280,240,1402,control,control,20
#91678,20,1246,control,control,23
#94604,876,2055,control,control,19
#94758,501,1710,control,treated,16
#90369,1000,2232,control,control,20
#96335,441,1634,treated,treated,16
#95193,744,1950,treated,control,20
#99557,535,1717,treated,control,16
#90291,427,1606,control,control,17
#91002,534,1709,control,treated,15
#93531,836,2075,control,control,17
#99237,410,1574,control,treated,15
#95518,958,2147,treated,treated,15
#92577,37,1256,treated,treated,21
#92994,1021,2229,treated,control,19
#99885,857,2022,treated,control,20
#96228,655,1872,control,control,21
#99676,209,1457,treated,control,21
#97254,520,1679,treated,control,17
#93807,566,1777,treated,treated,15
#92700,717,1867,control,treated,23
#99231,392,1564,control,control,24
#91850,622,1778,treated,control,17
#94333,508,1693,control,control,24
#95558,969,2149,control,treated,18
#99816,838,2053,treated,control,24
#95746,655,1870,control,control,22
#95220,431,1647,control,control,17
#94289,1047,2219,treated,treated,16
#96476,920,2116,treated,control,15
#91308,84,1252,control,treated,20
#96732,471,1659,treated,treated,17
#91589,542,1710,control,treated,16
#91835,970,2172,control,treated,18
#95717,850,2007,control,control,23
#97006,181,1402,control,control,20
#90634,965,2202,control,treated,22
#92321,85,1284,control,control,18
#98003,61,1262,treated,treated,15
#90632,706,1934,treated,control,23
#90161,731,1885,control,treated,16
#97681,833,2002,control,treated,16
#96867,384,1536,treated,treated,19
#98247,608,1807,control,treated,21
#92610,999,2183,treated,treated,17
#99982,158,1382,treated,control,15
#93252,338,1581,control,control,17
#96936,640,1847,treated,control,22
#90957,860,2075,control,treated,17
#91780,780,1968,control,treated,24
#95030,928,2155,treated,control,24
#99579,667,1892,treated,control,20
#92574,149,1308,treated,control,22
#97459,712,1875,treated,treated,20
#98107,755,1982,control,treated,15
#97200,494,1683,control,treated,23
#95844,216,1380,treated,control,23
#99399,249,1405,treated,treated,22
#99614,750,1931,treated,control,19
#96704,74,1291,control,treated,21
#92802,1057,2215,control,control,20
#94012,327,1512,treated,treated,23
#98841,488,1658,treated,treated,23
#95944,737,1890,treated,control,18
#90592,1080,2322,treated,treated,19
#99131,935,2091,treated,treated,23
#92958,60,1247,control,treated,19
#92764,879,2044,control,control,21
#96964,129,1330,treated,control,19
#92936,17,1173,control,treated,20
#91408,726,1957,treated,treated,23
#92510,98,1290,treated,control,15
#90119,333,1495,treated,control,18
#98645,973,2140,treated,control,16
#95526,984,2187,treated,treated,18
#97589,716,1943,control,treated,18
#95518,652,1899,treated,control,22
#90846,318,1469,control,treated,20
#93169,275,1493,control,control,20
#97261,1060,2292,treated,control,16
#99244,229,1424,control,control,20
#93330,935,2174,treated,control,22
#92991,391,1605,treated,control,21
#94493,73,1237,treated,control,20
#93073,977,2200,treated,control,20
#91740,204,1451,treated,treated,24
#95499,1049,2259,control,control,20
#98403,52,1228,control,control,23
#93135,534,1724,control,treated,20
#95975,718,1948,treated,control,24
#90754,1018,2185,control,treated,18
#99459,1031,2247,treated,treated,20
#91213,183,1357,treated,control,17
#91005,425,1655,treated,treated,18
#91034,951,2156,control,control,16
#95269,812,2003,treated,treated,17
#93029,747,1969,treated,treated,23
#90387,267,1504,treated,treated,19
#92173,17,1240,control,control,20
#97588,360,1605,treated,control,16
#90400,551,1716,treated,treated,18
#91337,232,1463,treated,treated,22
#94271,650,1872,treated,treated,23
#96445,151,1329,control,treated,18
#99792,369,1618,control,control,15
#94558,125,1279,control,control,24
#91468,677,1882,treated,treated,21
#91607,619,1790,treated,treated,19
#91096,280,1461,treated,control,16
#90153,705,1895,control,treated,15
#93196,210,1372,treated,treated,24
#90497,212,1386,control,treated,18
#93930,118,1284,treated,control,22
#96617,488,1678,control,control,21
#93764,975,2165,control,treated,21
#98381,263,1418,treated,treated,18
#98235,505,1673,treated,control,24
#90304,711,1876,control,treated,23
#90710,1040,2235,treated,control,15
#96635,882,2118,control,treated,17
#98440,190,1385,treated,treated,19
#92636,467,1692,control,control,22
#97993,788,2009,treated,control,21
#99552,226,1400,control,control,15
#92500,243,1407,control,control,21
#94113,178,1354,treated,treated,22
#98806,773,1924,treated,control,15
#99527,1045,2212,control,control,19
#95190,1073,2233,treated,control,15
#90416,776,1997,control,control,24
#94753,195,1425,treated,control,23
#93405,81,1283,treated,treated,16
#94710,349,1561,control,treated,15
#99359,730,1937,control,treated,18
#94540,340,1579,treated,control,23
#91933,984,2223,control,control,15
#98214,428,1677,treated,treated,16
#95925,563,1810,control,treated,23
#93702,698,1853,control,control,23
#99385,1005,2232,control,treated,16
#95542,580,1759,control,treated,19
#95648,312,1514,treated,control,22
#90943,230,1404,control,treated,20
#99709,182,1350,treated,treated,18
#98860,381,1615,control,control,20
#99967,544,1775,control,treated,20
#95849,935,2153,treated,treated,17
#94558,515,1715,treated,treated,23
#91809,151,1398,treated,treated,15
#98778,762,1985,treated,treated,24
#90736,147,1389,treated,control,24
#92372,720,1883,control,control,24
#92292,907,2120,treated,control,22
#94123,472,1654,control,control,17
#93224,750,1903,control,control,23
#95040,823,1975,control,control,23
#97909,202,1399,treated,treated,20
#93021,971,2208,control,control,18
#99803,810,2032,treated,control,17
#91202,601,1813,control,control,20
#95804,319,1512,treated,control,20
#95069,395,1578,treated,control,17
#93894,787,2004,control,treated,17
#90678,617,1850,treated,control,22
#91692,459,1646,control,control,23
#91127,555,1754,control,control,15
#91336,279,1498,treated,treated,22
#98877,833,2007,control,control,24
#98459,672,1855,treated,treated,19
#99087,273,1454,treated,treated,16
#99175,1078,2237,treated,treated,15
#97676,241,1472,control,control,20
#98895,508,1658,treated,control,23
#90611,791,1984,control,treated,20
#90553,618,1793,treated,control,19
#95845,320,1500,control,treated,24
#96983,536,1783,control,treated,22
#93851,149,1393,treated,control,19
#92938,321,1549,control,control,22
#92124,938,2157,control,control,24
#90228,405,1610,treated,control,23
#93055,184,1423,treated,control,19
#99479,884,2041,control,treated,22
#93753,277,1512,control,treated,19
#90784,913,2145,control,treated,18
#98456,1033,2227,control,treated,23
#90488,661,1846,treated,control,22
#91437,576,1753,control,control,22
#91170,991,2209,control,control,24
#98421,283,1435,control,control,20
#98996,109,1341,control,treated,21
#94097,252,1406,control,treated,16
#92000,34,1200,control,treated,24
#94381,368,1578,treated,control,18
