Specimen.ID,born,died,treatment,diet,weight
#93095,323,1499,treated,treated,22
#92394,936,2183,treated,treated,21
#90138,910,2122,treated,control,20
#92650,993,2163,control,treated,23
#93408,1024,2203,treated,control,15
#92720,383,1576,treated,treated,20
#92980,228,1396,treated,treated,21
#92101,7,1207,control,control,23
#99974,935,2104,treated,control,16
#94670,331,1501,treated,treated,24
#90991,275,1475,control,treated,23
#94647,758,1980,treated,control,15
#93379,844,2088,control,treated,23
#94652,10,1163,control,control,16
#99705,1030,2190,control,treated,23
#90589,333,1505,control,treated,17
#92806,507,1747,control,control,20
#95360,445,1644,control,treated,24
#98066,593,1842,treated,treated,17
#91034,955,2182,treated,treated,19
#98446,673,1875,control,control,19
#96231,353,1517,treated,control,22
#92880,924,2138,treated,treated,23
#93301,634,1849,treated,control,18
#94321,299,1472,treated,treated,21
#98101,241,1464,control,control,16
#94580,982,2219,control,control,19
#92256,1076,2316,treated,control,23
#97183,959,2181,control,treated,16
#98522,849,2093,control,control,17
#95812,1014,2185,treated,control,17
#92184,95,1329,treated,control,20
#96697,680,1906,treated,control,15
#95941,369,1532,control,control,21
#92033,20,1261,control,control,22
#96641,542,1706,treated,control,21
#93774,695,1930,treated,treated,19
#99718,669,1826,treated,control,21
#92424,583,1775,control,control,23
#98786,638,1854,treated,control,21
#90958,125,1354,treated,control,20
#90565,962,2176,control,control,17
#93120,917,2114,control,control,16
#94055,570,1748,treated,control,24
#99506,659,1811,treated,control,21
#93413,918,2073,treated,control,20
#92290,8,1220,control,treated,18
#95828,987,2224,control,treated,17
#93809,277,1458,control,control,21
#92327,286,1467,control,treated,23
#90979,1043,2248,treated,control,18
#94195,647,1806,treated,control,19
#96902,1083,2313,control,control,16
#98024,756,1961,control,treated,23
#95363,720,1887,control,treated,24
#95003,987,2137,treated,treated,24
#91726,856,2062,treated,treated,24
#97411,167,1374,control,treated,23
#98850,792,1970,treated,control,20
#94184,150,1373,control,treated,19
#90042,762,1993,treated,control,20
#94653,607,1839,control,control,19
#91457,534,1735,control,treated,19
#97472,809,2002,control,treated,15
#91152,772,2002,control,control,16
#96693,232,1424,treated,treated,19
#95955,1089,2326,control,treated,22
#95927,395,1547,control,control,22
#93296,980,2221,treated,treated,24
#95175,824,2036,treated,control,21
#96917,724,1940,control,control,20
#90894,687,1904,control,treated,20
#98568,320,1481,control,control,24
#95863,569,1751,treated,treated,18
#93539,984,2203,treated,treated,17
#90137,618,1768,control,control,24
#99717,503,1658,treated,treated,22
#91752,293,1488,control,control,21
#93057,687,1899,treated,control,15
#91354,211,1415,treated,control,20
#95265,1024,2220,control,treated,17
#97388,352,1535,treated,treated,24
#99952,272,1436,treated,treated,17
#95281,181,1333,control,control,21
#99700,586,1800,treated,control,20
#95075,155,1386,treated,control,20
#98396,1028,2277,control,control,22
#91917,956,2153,control,control,16
#90017,823,2055,control,treated,19
#97227,383,1583,control,treated,23
#96119,646,1836,control,control,19
#98254,1069,2286,treated,treated,20
#99944,741,1953,control,treated,16
#95274,81,1315,control,treated,18
#94031,930,2138,control,treated,23
#96544,1027,2263,control,control,17
#93849,950,2129,treated,treated,20
#92100,335,1494,control,treated,15
#99708,538,1705,control,control,20
#99808,309,1546,control,control,15
#96868,107,1355,treated,control,16
#99452,470,1684,control,control,21
#99912,350,1586,control,treated,15
#96317,971,2205,control,treated,16
#99208,277,1457,treated,control,21
#93741,284,1468,treated,control,15
#90261,988,2180,control,control,16
#98285,317,1563,treated,treated,22
#95704,812,2018,treated,treated,20
#94080,579,1815,control,treated,18
#92400,965,2192,treated,treated,16
#98991,927,2139,control,treated,20
#96340,1072,2248,treated,control,16
#96083,1067,2220,control,control,15
#93035,133,1299,treated,control,16
#99304,230,1387,control,treated,15
#98164,254,1410,control,treated,16
#93091,255,1476,control,control,17
#98537,772,1980,control,control,15
#90983,197,1386,treated,control,18
#92550,252,1464,treated,control,21
#93613,725,1955,control,control,16
#97648,270,1482,control,treated,20
#93442,798,2011,control,treated,16
#95442,371,1609,control,treated,16
#90531,613,1770,control,control,24
#99201,858,2087,control,control,24
#96761,39,1281,treated,treated,22
#97960,80,1241,control,control,19
#96655,430,1603,control,treated,16
#98265,172,1402,treated,treated,17
#99242,1082,2324,control,treated,24
#93996,1023,2262,control,control,17
#94447,673,1901,control,control,20
#96486,569,1769,control,control,17
#97934,995,2148,control,control,17
#99171,103,1286,treated,control,15
#92935,334,1549,control,treated,18
#99045,268,1462,treated,treated,21
#95462,692,1875,treated,control,24
#91413,285,1488,control,control,15
#91593,9,1194,control,treated,18
#90070,540,1702,control,control,23
#99412,475,1706,control,control,16
#97786,233,1456,treated,control,24
#95104,893,2065,control,treated,18
#97980,583,1776,treated,control,20
#91804,368,1553,control,treated,23
#91154,468,1690,control,control,15
#92564,376,1587,treated,control,24
#95939,927,2129,treated,treated,21
#96073,505,1744,control,treated,20
#95431,363,1591,treated,treated,22
#99275,478,1647,treated,treated,15
#94879,211,1414,treated,treated,20
#96261,601,1805,treated,treated,16
#94360,1015,2245,control,treated,22
#90686,341,1558,control,control,23
#94866,182,1356,treated,treated,24
#99337,275,1524,treated,treated,15
#97101,749,1967,treated,treated,22
#98878,771,2000,control,treated,15
#93323,372,1601,control,control,24
#96666,855,2031,control,treated,21
#95015,796,1999,control,treated,15
#96046,99,1338,treated,control,15
#98628,709,1936,control,treated,16
#92297,874,2099,treated,control,18
#93623,91,1244,control,treated,24
#98392,270,1457,treated,control,18
#90493,124,1364,control,treated,16
#95006,283,1521,treated,treated,16
#93688,114,1357,treated,control,17
#90133,266,1500,treated,treated,24
#90881,974,2130,control,control,23
#92834,580,1775,control,treated,16
#92812,314,1542,treated,control,21
#99469,306,1543,treated,control,19
#96439,391,1570,treated,treated,23
#99572,1038,2273,treated,control,24
#90823,367,1577,treated,control,21
#97861,126,1342,control,control,16
#98933,630,1817,treated,control,20
#92844,943,2135,treated,control,16
#97251,642,1828,treated,treated,24
#98835,1061,2304,control,treated,23
#90610,611,1850,treated,treated,23
#99482,614,1818,control,control,23
#90026,1047,2210,control,control,23
#91403,1002,2251,control,control,19
#94642,370,1561,treated,control,22
#99093,603,1838,control,treated,24
#99484,811,2007,control,control,20
#94772,221,1372,treated,control,23
#96765,539,1770,control,treated,20
#93965,179,1381,treated,control,16
#95934,180,1396,control,treated,18
#91626,159,1355,control,treated,22
#91353,608,1782,treated,control,22
#96160,1003,2156,treated,treated,23
#95298,332,1506,control,control,18
#91638,136,1362,treated,treated,17
#96794,460,1682,treated,control,23
#90897,286,1503,control,control,18
#92049,363,1540,treated,control,18
#91720,684,1891,treated,control,24
#95352,853,2056,treated,control,18
#99387,1075,2308,treated,treated,15
#93323,363,1527,treated,treated,22
#93541,731,1961,control,control,19
#95722,151,1312,treated,control,19
#97639,376,1606,treated,control,24
#97185,994,2169,treated,control,20
#96176,990,2224,treated,treated,22
#92552,187,1337,treated,treated,18
#91759,924,2076,treated,treated,20
#95259,783,1986,treated,treated,16
#96778,876,2086,treated,treated,17
#96076,889,2134,control,treated,15
#92722,663,1901,treated,control,20
#90052,540,1722,control,treated,19
#99715,944,2157,treated,control,17
#96885,622,1843,control,control,18
#94728,302,1525,control,control,20
#94017,197,1402,treated,control,16
#96820,200,1367,control,treated,21
#91620,317,1519,control,treated,16
#95594,133,1312,treated,treated,15
#94454,343,1501,treated,control,24
#98319,36,1232,treated,treated,20
#92486,566,1738,treated,control,22
#94829,104,1315,treated,treated,20
#91635,478,1665,treated,treated,22
#93503,958,2117,treated,treated,20
#94291,239,1434,control,control,24
#90059,621,1841,treated,control,24
#97527,341,1583,control,control,17
#92910,738,1936,control,treated,17
#93166,226,1430,treated,treated,23
#91450,24,1174,treated,control,23
#97662,419,1599,treated,control,24
#91698,198,1385,treated,control,16
#97822,877,2063,treated,control,18
#99329,572,1767,control,treated,23
#93143,467,1705,control,control,17
#94885,557,1764,control,treated,21
#91363,790,2036,control,control,16
#95895,274,1455,control,treated,19
#92484,112,1350,treated,treated,21
#93047,459,1641,control,treated,22
#99136,326,1549,treated,treated,22
#92208,1016,2199,treated,control,20
#93110,59,1302,treated,treated,16
#98511,169,1329,treated,control,20
#96591,525,1678,treated,control,17
#92576,1075,2318,control,control,20
#90484,710,1917,control,control,24
#91020,720,1920,treated,control,20
#90636,338,1586,treated,control,22
#94038,258,1409,treated,control,18
#95346,135,1295,control,control,18
#98243,863,2088,control,treated,20
#99814,142,1309,treated,treated,19
#98047,730,1957,treated,control,24
#94579,885,2080,treated,treated,23
#92612,334,1503,treated,treated,19
#97420,780,1931,control,treated,22
