Specimen.ID,born,died,treatment,diet,weight
#91083,415,1610,control,treated,18
#94216,365,1537,treated,control,17
#93869,403,1637,control,control,21
#99431,935,2131,treated,treated,17
#92992,158,1327,control,control,19
#96686,480,1670,treated,control,19
#98550,1017,2224,treated,treated,15
#92044,426,1604,treated,treated,17
#96128,52,1237,treated,treated,15
#93855,363,1568,control,control,20
#95154,620,1852,control,control,18
#94048,560,1780,control,treated,20
#92592,222,1447,treated,treated,15
#93164,32,1186,treated,control,23
#95529,1094,2274,treated,control,22
#94648,635,1876,treated,control,20
#94616,577,1769,treated,treated,19
#94663,586,1823,control,treated,16
#97376,156,1320,treated,treated,15
#93649,85,1279,treated,control,18
#98377,948,2102,control,treated,17
#91142,625,1809,treated,treated,23
#99912,425,1620,treated,treated,23
#93688,505,1705,control,treated,24
#94915,1055,2263,control,control,16
#93392,391,1619,control,treated,19
#91416,674,1864,control,control,23
#91299,200,1388,treated,treated,22
#93706,415,1643,control,control,22
#94097,857,2029,control,treated,22
#97762,688,1845,control,control,23
#94670,220,1403,treated,control,21
#91977,870,2046,treated,treated,16
#99028,435,1594,control,treated,23
#94510,926,2145,treated,control,24
#90446,364,1575,treated,treated,16
#96049,886,2135,control,treated,21
#91578,870,2079,treated,control,16
#91142,220,1433,treated,control,23
#96483,913,2127,control,control,24
#91064,613,1791,control,control,23
#91668,617,1855,control,control,24
#96792,842,2035,treated,control,23
#90327,174,1379,control,control,20
#92425,391,1562,treated,treated,17
#91025,68,1255,control,control,16
#97203,673,1921,control,control,18
#99157,257,1492,control,treated,16
#96180,137,1301,control,control,15
#90693,224,1417,treated,control,22
#93572,883,2091,treated,treated,17
#92943,742,1974,control,treated,17
#97477,118,1276,control,control,16
#99513,611,1782,treated,control,23
#97226,1026,2180,treated,control,16
#92427,229,1444,treated,control,24
#93081,785,1999,treated,treated,16
#99196,999,2220,control,treated,23
#95904,1093,2262,control,treated,19
#93379,85,1301,treated,control,23
#91946,937,2162,treated,control,20
#98575,907,2071,control,control,18
#94524,47,1197,treated,control,24
#95548,752,1967,control,control,16
#97188,127,1350,control,treated,23
#98113,582,1755,treated,control,17
#95155,939,2110,control,control,23
#91634,436,1661,treated,treated,19
#92076,884,2080,treated,treated,17
#94329,104,1334,treated,treated,22
#98803,66,1251,control,control,19
#95933,246,1459,treated,treated,18
#91887,403,1650,control,treated,19
#92722,246,1431,treated,treated,24
#91113,718,1934,control,control,24
#96522,786,1941,control,treated,24
#93343,386,1614,treated,treated,23
#99074,572,1732,control,treated,21
#95273,1057,2303,treated,treated,17
#97678,402,1625,treated,treated,18
#91333,184,1334,treated,control,15
#91370,773,1927,control,control,21
#92219,171,1385,treated,treated,19
#93203,500,1668,treated,treated,15
#94591,176,1367,treated,control,15
#90624,995,2176,control,treated,15
#96404,712,1960,control,control,20
#90395,512,1677,treated,control,18
#93885,135,1303,control,control,17
#94434,1029,2258,control,control,17
#95822,118,1338,treated,control,18
#98740,448,1600,control,treated,19
#93794,290,1521,treated,control,24
#96545,455,1632,treated,control,18
#95422,146,1389,treated,control,15
#99071,943,2136,control,control,23
#99794,791,2008,control,control,21
#91805,697,1882,control,control,21
#97120,486,1702,treated,treated,18
#99249,87,1302,control,control,22
#99422,999,2240,treated,control,22
#92921,1040,2218,control,treated,23
#94922,327,1482,control,treated,20
#91732,1054,2270,control,treated,16
#95846,139,1327,control,control,21
#90110,67,1282,control,control,15
#93587,510,1689,control,control,16
#94064,764,1958,control,control,22
#90323,627,1832,treated,control,21
#95035,381,1625,treated,control,23
#98851,818,2031,control,control,19
#98214,185,1422,treated,treated,18
#98278,326,1556,treated,control,16
#98693,92,1292,treated,treated,18
#98857,177,1331,control,treated,16
#90930,1089,2337,control,treated,20
#94069,286,1454,control,treated,19
#98275,531,1726,treated,control,20
#92153,754,1951,treated,control,18
#99850,87,1298,treated,treated,16
#95941,399,1643,control,treated,24
#94028,80,1304,treated,control,24
#98001,522,1756,treated,control,20
#98495,693,1899,control,control,22
#98580,347,1531,control,control,24
#93277,761,1989,control,control,20
#98587,702,1944,treated,treated,22
#93387,928,2098,control,treated,18
#93377,790,2023,treated,treated,24
#91561,710,1900,treated,treated,18
#94826,578,1748,treated,treated,15
#91750,482,1633,treated,control,17
#93509,599,1766,treated,control,20
#97576,314,1467,control,control,17
#96926,1024,2258,treated,control,20
#98208,591,1764,treated,control,22
#97663,779,2005,treated,control,20
#99290,186,1402,control,control,22
#94479,542,1769,control,control,20
#93086,422,1658,control,control,20
#99374,702,1910,treated,control,15
#92535,254,1452,control,treated,21
#97719,949,2120,treated,treated,21
#98018,604,1790,control,control,16
#91257,1052,2236,treated,treated,18
#97276,363,1607,treated,control,22
#97018,355,1583,treated,treated,18
#99519,448,1695,control,treated,21
#98101,119,1299,control,treated,21
#93700,97,1310,treated,treated,23
#95752,949,2174,treated,control,24
#95047,78,1297,control,control,23
#98438,232,1465,treated,treated,15
#98488,972,2123,control,control,16
#95175,344,1512,control,treated,24
#90229,662,1867,treated,control,18
#91062,784,1952,treated,control,22
#92699,237,1457,control,treated,20
#90467,377,1586,treated,treated,22
#97963,608,1777,control,control,19
#93495,794,1970,treated,control,19
#97284,957,2148,treated,treated,19
#93933,1093,2291,treated,treated,15
#92218,977,2166,control,control,20
#94474,874,2053,treated,control,21
#99496,440,1687,treated,treated,17
#98800,885,2126,treated,control,18
#97628,305,1484,control,treated,15
#97163,860,2090,control,control,23
#90877,323,1495,control,control,20
#94098,901,2121,treated,control,23
#97568,623,1835,treated,control,16
#93436,333,1577,treated,control,20
#95366,419,1641,control,control,19
#96639,651,1825,control,treated,21
#93104,964,2147,control,treated,24
#96172,82,1331,control,control,20
#94099,729,1915,control,treated,18
#91037,267,1422,treated,control,24
#93453,910,2120,control,treated,23
#92585,999,2182,treated,treated,23
#96137,815,2011,treated,treated,19
#99058,761,1925,control,control,15
#96478,603,1768,treated,treated,19
#97246,97,1283,treated,treated,23
#99051,632,1855,treated,control,15
#94308,582,1793,control,treated,23
#95011,1032,2260,treated,control,17
#98765,777,1994,control,control,24
#93320,380,1598,treated,control,16
#96519,894,2142,treated,treated,19
#98717,792,2039,treated,treated,21
#99823,356,1550,treated,control,16
#99977,989,2195,control,treated,19
#99394,645,1864,treated,control,18
#90259,41,1263,treated,treated,19
#97650,662,1889,treated,treated,23
#98361,462,1633,control,control,22
#94682,488,1687,control,treated,24
#99122,175,1391,control,treated,21
#96456,293,1530,treated,treated,16
#93265,309,1512,control,treated,15
#91331,150,1340,control,control,20
#94456,923,2128,control,control,16
#93063,375,1587,treated,control,24
#93344,664,1871,treated,control,19
#91989,692,1932,control,control,20
#91056,664,1877,treated,treated,20
#93141,788,1979,control,treated,18
#97437,217,1380,control,control,22
#97350,82,1297,treated,control,17
#97621,875,2073,treated,treated,21
#96102,854,2095,control,control,18
#95032,181,1334,control,treated,18
#99080,965,2179,control,control,20
#98513,393,1598,control,treated,22
#98949,593,1837,control,treated,17
#93833,600,1799,control,control,20
#99830,903,2055,control,control,24
#91039,356,1517,control,control,17
#97471,816,1967,control,treated,17
#95853,376,1579,control,control,24
#98913,94,1285,control,treated,23
#91136,738,1915,treated,treated,18
#90115,594,1758,control,treated,16
#99807,368,1571,control,treated,17
#94475,1026,2207,treated,treated,21
#97439,613,1811,treated,treated,18
#99434,117,1293,control,treated,21
#98696,1064,2224,treated,control,24
#98577,984,2211,treated,control,17
#95472,1002,2216,control,control,23
#90596,76,1256,treated,treated,15
#97286,175,1342,control,control,23
#94283,230,1420,treated,treated,19
#90075,145,1380,treated,treated,16
#99894,450,1628,treated,control,24
#90450,165,1341,control,treated,15
#90025,526,1748,control,control,16
#91746,957,2146,treated,treated,20
#91811,1093,2313,treated,control,18
#93802,842,2028,treated,treated,15
#93957,813,2059,control,control,18
#97737,961,2195,control,treated,19
#94355,576,1726,control,treated,17
#98495,502,1691,treated,treated,22
#92029,482,1641,control,control,16
#95811,858,2081,control,control,16
#93753,678,1865,treated,control,22
#94100,290,1493,treated,control,24
#98002,518,1706,control,treated,17
#91667,405,1578,control,treated,21
#93937,428,1579,control,control,15
#99240,244,1452,treated,control,21
#91867,111,1356,treated,treated,18
#97111,1080,2272,control,control,18
#93187,330,1523,control,control,23
#96757,10,1217,treated,treated,15
#92854,905,2106,treated,treated,15
#93019,1051,2244,treated,treated,20
#93056,995,2200,treated,treated,17
#93213,140,1307,control,treated,20
#95991,243,1434,treated,control,17
#95858,914,2080,treated,control,21
#97825,515,1689,treated,treated,23
#92583,523,1688,control,treated,22
#98877,519,1720,treated,treated,18
