Specimen.ID,born,died,treatment,diet,weight
#94429,730,1941,control,control,19
#99787,14,1172,treated,treated,23
#93317,74,1322,control,control,22
#91627,702,1945,treated,control,22
#99375,281,1454,treated,treated,19
#91212,594,1776,control,control,22
#90824,710,1946,control,treated,24
#92979,820,2057,control,treated,24
#97045,1031,2256,treated,control,18
#94980,947,2155,control,treated,21
#91417,1079,2315,treated,treated,22
#92704,943,2125,control,treated,19
#93474,558,1765,control,control,20
#93984,858,2073,control,treated,15
#93520,630,1801,control,control,15
#91351,208,1430,control,control,21
#99696,38,1213,control,control,21
#93895,3,1239,treated,control,16
#97690,1061,2284,treated,control,24
#93419,638,1812,control,control,15
#94096,644,1871,control,treated,18
#93646,204,1419,treated,control,22
#98830,946,2103,treated,treated,19
#90351,1044,2220,control,control,23
#93785,1083,2234,control,control,15
#91786,262,1430,treated,control,17
#95053,1043,2256,control,control,20
#99957,1028,2263,treated,control,22
#90583,145,1310,control,treated,15
#94516,1066,2270,treated,treated,22
#95776,912,2139,treated,control,21
#96168,864,2063,treated,control,20
#95551,5,1164,treated,treated,16
#96409,591,1792,control,treated,16
#96375,347,1565,control,control,21
#95767,961,2148,control,treated,17
#94715,240,1477,treated,treated,24
#97508,480,1644,treated,treated,16
#94469,1075,2236,treated,control,22
#91563,883,2079,control,control,16
#92839,243,1490,control,control,21
#94617,735,1933,treated,treated,24
#97759,1088,2306,treated,control,17
#96917,475,1672,treated,control,19
#92391,524,1721,control,treated,17
#94351,86,1267,control,treated,22
#94015,5,1199,control,treated,19
#98016,502,1678,control,control,21
#90922,802,2027,control,control,18
#98523,927,2120,control,control,20
#95615,401,1636,control,treated,19
#91966,687,1922,control,treated,15
#91002,301,1483,control,control,24
#97532,228,1393,treated,treated,18
#95708,9,1210,control,treated,22
#97617,21,1182,treated,treated,19
#94403,279,1497,treated,treated,24
#99203,64,1234,treated,treated,16
#96364,58,1248,treated,control,17
#91896,426,1598,control,treated,21
#96771,351,1554,treated,control,16
#90684,2,1155,control,treated,16
#99357,527,1774,control,control,19
#98619,502,1690,treated,control,19
#96296,194,1376,treated,control,23
#90564,828,2059,treated,treated,24
#90278,237,1413,control,treated,18
#93303,248,1433,control,control,22
#94435,130,1288,treated,treated,22
#96251,226,1451,control,treated,19
#99835,917,2161,control,control,22
#95478,327,1552,treated,control,22
#93898,120,1271,treated,treated,20
#91290,573,1768,treated,control,19
#93702,113,1360,control,treated,21
#95698,454,1620,treated,control,21
#94539,189,1369,treated,treated,20
#95598,272,1482,control,control,21
#98077,122,1319,treated,control,19
#90866,191,1349,treated,treated,15
#99468,494,1723,control,treated,18
#96528,1021,2212,treated,treated,18
#94964,482,1709,control,treated,24
#99194,1020,2221,treated,treated,23
#92715,711,1920,treated,control,19
#93593,1070,2310,control,treated,21
#94036,1087,2259,treated,control,15
#92469,310,1471,control,treated,24
#97299,995,2242,treated,control,17
#92936,526,1746,treated,treated,16
#94260,719,1880,treated,treated,19
#91857,400,1646,control,treated,18
#99323,408,1609,treated,control,17
#90135,947,2169,control,treated,24
#98016,122,1314,control,control,24
#94698,902,2111,control,control,17
#94175,745,1966,treated,control,18
#91903,490,1650,control,treated,19
#91091,884,2071,treated,treated,20
#97628,21,1228,treated,treated,22
#97825,137,1338,treated,treated,17
#94842,833,1984,control,control,22
#99164,934,2182,treated,treated,24
#94881,760,1971,treated,treated,23
#95114,1070,2263,control,control,23
#95124,1003,2242,treated,control,18
#91190,782,1995,control,treated,20
#92390,574,1744,treated,treated,15
#96151,556,1777,control,treated,17
#90139,231,1410,treated,control,23
#97238,739,1942,control,control,22
#91936,864,2062,treated,control,17
#99135,361,1571,treated,treated,19
#93667,8,1178,treated,treated,18
#90494,1077,2301,treated,control,22
#90152,912,2087,treated,treated,24
#93088,146,1316,control,treated,17
#93742,700,1897,treated,treated,19
#98272,420,1642,treated,control,17
#90405,961,2132,control,control,20
#94465,685,1858,control,treated,17
#93495,488,1717,treated,treated,20
#99749,961,2149,treated,treated,18
#98237,546,1753,treated,treated,19
#90226,1018,2196,control,control,16
#90560,130,1322,control,treated,19
#94885,1030,2197,control,treated,16
#97560,182,1430,control,control,22
#91546,779,1989,control,treated,21
#99560,46,1231,control,treated,15
#91442,146,1347,treated,treated,24
#95172,97,1313,treated,treated,22
#96872,909,2069,control,control,20
#95366,1039,2251,treated,control,24
#92626,643,1888,control,treated,20
#98132,480,1668,control,control,22
#95220,876,2039,control,control,22
#95861,586,1776,treated,control,22
#99766,626,1837,treated,control,24
#99838,865,2043,control,control,17
#98292,206,1407,treated,control,21
#94206,351,1504,control,control,16
#91125,1043,2288,treated,control,16
#93834,403,1571,control,treated,17
#99586,450,1614,control,treated,19
#93425,559,1743,control,treated,17
#95025,1081,2293,control,treated,23
#91210,45,1234,control,control,20
#95544,309,1545,treated,treated,21
#95291,236,1399,treated,control,16
#94067,443,1613,treated,treated,20
#96607,906,2082,control,treated,23
#94662,763,1982,treated,treated,18
#97946,161,1355,control,treated,18
#94848,938,2113,treated,treated,21
#96096,608,1801,treated,treated,15
#96188,167,1359,control,treated,15
#90328,589,1827,treated,treated,24
#92338,762,1947,control,control,19
#97534,8,1250,treated,control,18
#94766,79,1288,control,control,18
#93800,575,1755,treated,control,23
#95682,475,1672,treated,treated,22
#93437,898,2105,treated,treated,21
#90632,547,1760,treated,treated,22
#98734,960,2171,treated,treated,21
#92814,945,2146,treated,control,18
#97757,636,1831,control,control,24
#91268,662,1891,treated,control,22
#96495,276,1506,control,treated,21
#95110,873,2096,control,treated,22
#93311,10,1242,control,treated,22
#92520,880,2105,treated,treated,18
#91959,986,2151,treated,treated,24
#93105,132,1374,control,control,24
#99012,82,1284,treated,treated,21
#98393,296,1512,control,treated,23
#92360,1071,2253,control,treated,17
#91955,823,2050,control,treated,18
#94104,531,1745,control,control,20
#93026,986,2164,control,treated,19
#96567,63,1214,control,treated,24
#95268,405,1622,control,treated,23
#91364,1055,2255,treated,control,20
#98598,67,1284,control,control,15
#98241,790,1950,treated,treated,22
#93517,995,2230,treated,treated,23
#96793,1008,2252,treated,control,17
#92492,342,1566,control,control,23
#94042,311,1482,treated,treated,16
#92723,926,2130,treated,control,24
#91198,814,1964,control,treated,23
#98367,486,1725,treated,control,23
#96030,440,1687,treated,control,22
#93907,1077,2322,treated,treated,18
#91015,660,1876,control,control,23
#92601,512,1725,control,treated,24
#97268,942,2177,control,treated,18
#95798,607,1827,control,control,16
#99625,81,1326,control,treated,18
#94795,416,1566,control,control,21
#99908,415,1639,treated,treated,15
#93972,428,1580,control,treated,16
#93407,601,1795,control,treated,20
#96570,273,1516,treated,treated,16
#97888,595,1749,control,treated,18
#98647,380,1609,control,control,23
#96679,1084,2330,control,control,21
#95375,799,1997,treated,treated,16
#91567,853,2092,control,treated,21
#96268,917,2110,treated,treated,19
#92495,446,1618,treated,treated,18
#91793,174,1334,treated,control,18
#92744,498,1706,control,treated,21
#98712,423,1621,control,treated,19
#94845,331,1490,treated,control,16
#95136,402,1614,control,treated,17
#97102,82,1276,treated,control,17
#98706,391,1622,treated,treated,19
#98887,913,2085,control,control,15
#99593,943,2189,treated,treated,15
#98405,180,1419,control,control,19
#98601,963,2191,control,control,19
#98152,506,1671,treated,treated,16
#97692,838,2041,control,control,17
#94415,216,1413,treated,treated,22
#96003,1074,2313,control,treated,21
#94645,807,2001,control,treated,20
#98511,255,1420,control,control,22
#90580,57,1264,treated,treated,16
#99247,314,1539,treated,control,18
#99718,837,2014,control,treated,22
#94151,1064,2257,control,control,17
#99415,224,1457,control,treated,20
#99620,203,1429,treated,treated,22
#91304,730,1890,treated,treated,21
#93147,951,2104,control,control,18
#99361,79,1248,treated,treated,21
#91263,0,1176,treated,control,20
#92219,1055,2245,treated,control,17
#95208,69,1247,control,treated,15
#90032,154,1371,treated,treated,23
#98020,1080,2232,control,treated,22
#97621,617,1860,control,treated,19
#91656,398,1591,control,treated,17
#94127,752,1952,control,control,21
#93560,460,1685,treated,control,17
#92026,494,1688,control,treated,24
#94840,470,1620,control,control,19
#92083,1014,2247,treated,treated,15
#92666,994,2164,control,control,21
#98675,940,2140,control,control,22
#93359,871,2038,treated,control,16
#99359,429,1639,control,control,15
#99839,753,1907,control,treated,24
#95812,776,2022,control,treated,18
#93037,926,2166,control,treated,19
#99391,539,1788,control,treated,20
#93109,91,1257,treated,treated,21
#94577,961,2174,control,treated,19
#95411,944,2186,treated,control,15
#99819,883,2132,treated,treated,22
#93626,213,1438,treated,control,17
#95591,61,1289,treated,control,21
#97848,908,2074,treated,control,20
#91010,999,2198,control,control,16
#99333,363,1548,control,control,16
