Specimen.ID,born,died,treatment,diet,weight
#98638,171,1398,treated,treated,19
#99727,756,2004,treated,control,18
#94791,71,1234,control,treated,24
#97569,1,1237,treated,treated,23
#94755,811,1962,control,treated,20
#94324,791,1986,control,control,22
#98785,212,1443,treated,control,24
#91226,965,2184,control,treated,15
#93648,790,1976,treated,treated,18
#97331,191,1395,control,treated,23
#99839,75,1247,treated,treated,17
#98621,648,1838,control,control,24
#94669,339,1508,control,treated,19
#98727,540,1736,treated,treated,24
#98263,106,1290,treated,treated,17
#93102,539,1773,control,treated,17
#95998,726,1911,treated,control,24
#96578,796,2031,treated,control,19
#99688,812,2037,control,control,17
#91434,449,1613,control,control,16
#98320,113,1265,control,treated,21
#95298,896,2141,treated,treated,19
#90765,250,1404,treated,control,18
#93605,704,1857,treated,control,17
#96183,139,1371,treated,control,24
#93464,732,1951,control,control,20
#92605,726,1936,treated,control,21
#94263,552,1765,control,control,24
#97544,73,1281,control,treated,15
#92404,861,2022,control,treated,21
#98111,118,1333,control,treated,23
#96064,752,1907,control,control,18
#92776,25,1271,treated,control,19
#96512,977,2191,treated,control,22
#98825,306,1519,treated,treated,17
#98053,849,2082,treated,control,18
#93873,880,2057,treated,control,24
#91964,889,2101,control,treated,20
#90797,529,1736,treated,control,20
#90132,521,1735,control,treated,16
#97632,530,1722,treated,control,15
#98078,128,1313,control,treated,21
#92141,73,1226,control,control,18
#96514,301,1492,control,treated,18
#99152,329,1574,control,treated,20
#98603,179,1393,treated,control,17
#92046,311,1520,treated,treated,22
#91368,635,1867,control,treated,22
#94128,961,2137,control,treated,23
#99836,83,1326,control,control,24
#90185,553,1797,treated,treated,16
#99600,741,1903,treated,control,22
#91277,681,1857,control,treated,16
#99366,380,1594,treated,control,16
#91359,1048,2271,treated,treated,19
#98970,593,1806,treated,control,22
#99795,71,1232,control,treated,23
#95071,676,1890,control,treated,24
#97815,466,1660,treated,control,23
#93095,448,1668,control,control,18
#97395,999,2161,control,treated,21
#97274,1079,2298,treated,control,19
#98199,156,1346,treated,treated,15
#99089,694,1865,treated,treated,19
#95513,942,2102,treated,control,19
#94649,224,1446,control,treated,18
#99240,794,1967,treated,treated,16
#91074,509,1748,control,control,15
#91988,723,1889,control,treated,21
#94451,731,1914,treated,treated,21
#90884,188,1429,treated,control,22
#98904,823,1977,treated,control,16
#95406,1094,2271,treated,treated,24
#93454,825,2029,treated,control,23
#98375,308,1513,control,control,15
#96621,648,1837,treated,control,22
#91725,707,1873,treated,treated,24
#98738,995,2163,control,control,24
#92711,56,1235,control,treated,16
#97121,374,1527,treated,treated,19
#96541,808,1988,treated,control,22
#98806,895,2136,control,treated,23
#98254,353,1508,treated,control,16
#98686,906,2068,control,control,16
#94294,74,1281,control,control,17
#90049,682,1926,treated,control,19
#97439,7,1203,treated,control,17
#97698,599,1779,control,treated,16
#99289,31,1244,treated,treated,21
#90999,931,2135,control,treated,20
#92748,548,1714,treated,control,21
#91362,642,1801,treated,control,22
#92755,1030,2208,control,treated,23
#91062,53,1249,control,treated,16
#98304,909,2096,treated,treated,15
#93144,162,1375,control,treated,23
#94116,155,1337,treated,treated,17
#93236,298,1489,treated,treated,15
#92824,21,1225,treated,control,24
#99826,466,1632,treated,control,17
#93883,443,1677,control,control,19
#92914,592,1840,treated,control,22
#92923,213,1422,control,treated,17
#90069,562,1713,control,treated,16
#90651,979,2162,treated,treated,24
#94407,203,1413,treated,treated,18
#95040,208,1429,control,control,16
#94056,58,1283,treated,treated,18
#93315,81,1268,control,control,19
#90579,1014,2173,control,treated,21
#99655,18,1186,control,control,20
#97585,451,1667,treated,control,22
#91700,146,1350,treated,treated,18
#96102,766,1954,control,control,16
#95334,1000,2209,control,treated,16
#99305,709,1958,control,control,16
#97160,644,1812,control,control,16
#91630,398,1621,treated,treated,22
#99939,479,1664,treated,treated,18
#94472,990,2200,control,treated,17
#98968,388,1596,control,control,17
#94536,449,1678,control,treated,16
#96274,945,2131,treated,treated,19
#99219,384,1546,control,control,23
#97806,407,1621,control,treated,24
#94651,435,1675,treated,control,22
#95443,613,1801,control,treated,22
#91453,266,1461,treated,treated,16
#98480,964,2118,control,control,21
#91780,924,2103,control,control,20
#94379,636,1810,control,control,24
#90800,359,1519,treated,control,17
#92069,482,1657,treated,control,23
#98426,185,1407,treated,control,23
#99973,648,1895,treated,control,24
#93275,701,1858,treated,control,22
#95487,475,1635,control,treated,21
#93854,830,2068,treated,control,16
#97288,660,1851,control,control,23
#99910,822,1994,treated,treated,24
#98115,74,1275,treated,control,20
#91908,340,1583,control,treated,20
#92591,463,1637,treated,control,16
#92222,110,1350,treated,treated,22
#96329,530,1750,control,control,18
#95177,135,1374,control,treated,16
#97119,881,2104,control,treated,21
#96318,128,1352,control,control,24
#98581,390,1617,treated,treated,17
#92174,639,1807,treated,control,17
#92675,426,1675,control,control,16
#95017,142,1375,treated,control,22
#91131,174,1358,treated,treated,21
#96697,516,1683,treated,treated,19
#94222,1045,2226,treated,control,19
#96033,574,1763,control,treated,21
#99708,268,1462,treated,treated,19
#97351,456,1608,control,control,15
#96393,498,1676,control,treated,18
#98331,350,1571,treated,control,24
#96998,141,1299,control,treated,22
#95830,369,1550,control,treated,17
#93910,96,1246,treated,control,20
#97703,927,2173,control,treated,22
#93267,405,1592,control,control,15
#91271,428,1616,control,treated,15
#93933,157,1311,control,treated,24
#90718,477,1704,treated,control,21
#95650,568,1777,treated,treated,16
#91504,1000,2202,control,treated,17
#97963,959,2146,control,treated,16
#90152,265,1440,control,control,22
#97552,626,1874,control,treated,24
#95162,566,1744,treated,treated,20
#98363,175,1404,control,control,17
#94012,1009,2185,control,treated,18
#98890,129,1315,treated,control,23
#94888,372,1526,treated,treated,16
#96306,717,1927,control,control,23
#90213,80,1242,control,control,22
#90325,61,1221,control,treated,19
#94740,962,2190,control,control,23
#96868,1071,2273,treated,treated,18
#95382,211,1370,treated,control,22
#98753,13,1163,control,treated,16
#99200,486,1654,control,control,16
#99417,136,1329,treated,control,23
#90551,894,2132,control,treated,23
#94617,879,2112,treated,treated,24
#99989,424,1579,control,treated,24
#95711,250,1440,treated,control,16
#99563,332,1503,treated,treated,16
#94478,353,1544,control,control,17
#90824,291,1534,treated,treated,22
#94907,140,1374,treated,treated,20
#93870,108,1314,control,control,18
#97782,597,1767,control,treated,15
#91584,121,1295,treated,control,19
#99498,474,1699,treated,treated,21
#91595,692,1938,control,control,18
#91529,931,2144,treated,treated,20
#98653,200,1352,control,control,20
#96370,1059,2303,control,treated,16
#99735,5,1184,control,control,23
#92575,442,1615,treated,treated,23
#90766,832,2036,control,treated,22
#93713,769,2018,control,treated,18
#96937,896,2118,treated,control,22
#92996,346,1514,control,treated,20
#95715,770,1950,control,treated,20
#96594,229,1410,treated,treated,19
#91561,689,1934,control,control,20
#92010,702,1880,treated,treated,20
#90897,349,1565,treated,control,22
#90199,937,2131,control,treated,24
#97468,587,1741,treated,control,23
#91731,467,1704,treated,control,24
#98481,636,1837,control,treated,20
#94726,973,2138,treated,control,19
#91663,1084,2265,treated,treated,18
#97661,811,1997,control,control,22
#95679,746,1991,treated,treated,23
#94311,294,1499,control,control,21
#93401,254,1426,control,treated,20
#97962,303,1513,control,treated,18
#92868,575,1755,treated,control,24
#95144,530,1712,treated,control,17
#92069,352,1572,control,treated,22
#97641,214,1366,treated,control,23
#91066,803,1979,control,control,16
#99957,21,1180,treated,treated,21
#90996,758,1982,treated,control,24
#99882,645,1860,treated,treated,20
#94300,263,1460,treated,control,21
#91458,342,1533,treated,treated,15
#94126,538,1692,treated,control,24
#98945,406,1620,control,treated,21
#92548,626,1794,control,treated,23
#91144,933,2148,treated,treated,17
#98893,763,1929,control,control,18
#99101,717,1872,control,treated,16
#99588,116,1339,control,treated,15
#98760,135,1303,control,treated,23
#90616,518,1702,control,control,23
#94027,730,1880,treated,treated,19
#92534,866,2059,treated,treated,15
#90662,880,2108,control,control,23
#93153,697,1851,treated,treated,20
#96084,505,1676,treated,treated,18
#96814,635,1802,control,treated,18
#94214,1044,2265,treated,treated,24
#99014,466,1692,control,control,20
#91404,560,1801,control,control,19
#99997,755,1954,treated,control,22
#96601,653,1848,control,control,21
#95775,645,1795,treated,control,22
#92998,296,1532,control,treated,23
#91313,396,1563,treated,treated,17
#98448,1072,2259,treated,control,20
#94409,500,1733,control,control,22
#91480,578,1795,control,treated,24
#91789,383,1628,treated,control,22
#92542,289,1506,treated,treated,17
#97494,897,2060,control,treated,18
#97794,927,2107,treated,treated,19
#96789,507,1741,treated,control,21
#90728,725,1943,treated,control,17
